size,array_type,algorithm,threshold,time
500,random,standard,0,220
500,reversed,standard,0,185
500,nearly_sorted,standard,0,195
500,random,hybrid,5,133
500,reversed,hybrid,5,105
500,nearly_sorted,hybrid,5,109
500,random,hybrid,10,113
500,reversed,hybrid,10,83
500,nearly_sorted,hybrid,10,76
500,random,hybrid,20,97
500,reversed,hybrid,20,115
500,nearly_sorted,hybrid,20,78
500,random,hybrid,30,102
500,reversed,hybrid,30,119
500,nearly_sorted,hybrid,30,64
500,random,hybrid,50,103
500,reversed,hybrid,50,120
500,nearly_sorted,hybrid,50,59
600,random,standard,0,277
600,reversed,standard,0,231
600,nearly_sorted,standard,0,260
600,random,hybrid,5,189
600,reversed,hybrid,5,132
600,nearly_sorted,hybrid,5,133
600,random,hybrid,10,146
600,reversed,hybrid,10,123
600,nearly_sorted,hybrid,10,109
600,random,hybrid,20,130
600,reversed,hybrid,20,121
600,nearly_sorted,hybrid,20,82
600,random,hybrid,30,125
600,reversed,hybrid,30,122
600,nearly_sorted,hybrid,30,75
600,random,hybrid,50,128
600,reversed,hybrid,50,179
600,nearly_sorted,hybrid,50,84
700,random,standard,0,374
700,reversed,standard,0,265
700,nearly_sorted,standard,0,284
700,random,hybrid,5,182
700,reversed,hybrid,5,148
700,nearly_sorted,hybrid,5,141
700,random,hybrid,10,158
700,reversed,hybrid,10,135
700,nearly_sorted,hybrid,10,116
700,random,hybrid,20,158
700,reversed,hybrid,20,138
700,nearly_sorted,hybrid,20,102
700,random,hybrid,30,145
700,reversed,hybrid,30,152
700,nearly_sorted,hybrid,30,103
700,random,hybrid,50,173
700,reversed,hybrid,50,221
700,nearly_sorted,hybrid,50,89
800,random,standard,0,388
800,reversed,standard,0,325
800,nearly_sorted,standard,0,336
800,random,hybrid,5,221
800,reversed,hybrid,5,183
800,nearly_sorted,hybrid,5,171
800,random,hybrid,10,206
800,reversed,hybrid,10,160
800,nearly_sorted,hybrid,10,157
800,random,hybrid,20,184
800,reversed,hybrid,20,160
800,nearly_sorted,hybrid,20,132
800,random,hybrid,30,180
800,reversed,hybrid,30,179
800,nearly_sorted,hybrid,30,108
800,random,hybrid,50,193
800,reversed,hybrid,50,251
800,nearly_sorted,hybrid,50,100
900,random,standard,0,409
900,reversed,standard,0,309
900,nearly_sorted,standard,0,319
900,random,hybrid,5,266
900,reversed,hybrid,5,179
900,nearly_sorted,hybrid,5,185
900,random,hybrid,10,205
900,reversed,hybrid,10,161
900,nearly_sorted,hybrid,10,151
900,random,hybrid,20,191
900,reversed,hybrid,20,159
900,nearly_sorted,hybrid,20,140
900,random,hybrid,30,198
900,reversed,hybrid,30,214
900,nearly_sorted,hybrid,30,121
900,random,hybrid,50,190
900,reversed,hybrid,50,212
900,nearly_sorted,hybrid,50,121
1000,random,standard,0,446
1000,reversed,standard,0,368
1000,nearly_sorted,standard,0,392
1000,random,hybrid,5,292
1000,reversed,hybrid,5,223
1000,nearly_sorted,hybrid,5,233
1000,random,hybrid,10,249
1000,reversed,hybrid,10,187
1000,nearly_sorted,hybrid,10,205
1000,random,hybrid,20,224
1000,reversed,hybrid,20,203
1000,nearly_sorted,hybrid,20,155
1000,random,hybrid,30,225
1000,reversed,hybrid,30,234
1000,nearly_sorted,hybrid,30,140
1000,random,hybrid,50,226
1000,reversed,hybrid,50,243
1000,nearly_sorted,hybrid,50,135
1100,random,standard,0,468
1100,reversed,standard,0,373
1100,nearly_sorted,standard,0,439
1100,random,hybrid,5,330
1100,reversed,hybrid,5,239
1100,nearly_sorted,hybrid,5,249
1100,random,hybrid,10,268
1100,reversed,hybrid,10,222
1100,nearly_sorted,hybrid,10,206
1100,random,hybrid,20,245
1100,reversed,hybrid,20,207
1100,nearly_sorted,hybrid,20,158
1100,random,hybrid,30,235
1100,reversed,hybrid,30,230
1100,nearly_sorted,hybrid,30,172
1100,random,hybrid,50,254
1100,reversed,hybrid,50,291
1100,nearly_sorted,hybrid,50,154
1200,random,standard,0,556
1200,reversed,standard,0,491
1200,nearly_sorted,standard,0,485
1200,random,hybrid,5,313
1200,reversed,hybrid,5,261
1200,nearly_sorted,hybrid,5,258
1200,random,hybrid,10,284
1200,reversed,hybrid,10,240
1200,nearly_sorted,hybrid,10,267
1200,random,hybrid,20,271
1200,reversed,hybrid,20,252
1200,nearly_sorted,hybrid,20,181
1200,random,hybrid,30,271
1200,reversed,hybrid,30,226
1200,nearly_sorted,hybrid,30,172
1200,random,hybrid,50,258
1200,reversed,hybrid,50,287
1200,nearly_sorted,hybrid,50,149
1300,random,standard,0,545
1300,reversed,standard,0,427
1300,nearly_sorted,standard,0,522
1300,random,hybrid,5,322
1300,reversed,hybrid,5,243
1300,nearly_sorted,hybrid,5,250
1300,random,hybrid,10,297
1300,reversed,hybrid,10,264
1300,nearly_sorted,hybrid,10,240
1300,random,hybrid,20,286
1300,reversed,hybrid,20,252
1300,nearly_sorted,hybrid,20,181
1300,random,hybrid,30,273
1300,reversed,hybrid,30,266
1300,nearly_sorted,hybrid,30,197
1300,random,hybrid,50,299
1300,reversed,hybrid,50,385
1300,nearly_sorted,hybrid,50,177
1400,random,standard,0,660
1400,reversed,standard,0,554
1400,nearly_sorted,standard,0,523
1400,random,hybrid,5,388
1400,reversed,hybrid,5,321
1400,nearly_sorted,hybrid,5,302
1400,random,hybrid,10,336
1400,reversed,hybrid,10,271
1400,nearly_sorted,hybrid,10,230
1400,random,hybrid,20,327
1400,reversed,hybrid,20,275
1400,nearly_sorted,hybrid,20,226
1400,random,hybrid,30,313
1400,reversed,hybrid,30,319
1400,nearly_sorted,hybrid,30,199
1400,random,hybrid,50,320
1400,reversed,hybrid,50,404
1400,nearly_sorted,hybrid,50,185
1500,random,standard,0,687
1500,reversed,standard,0,577
1500,nearly_sorted,standard,0,577
1500,random,hybrid,5,382
1500,reversed,hybrid,5,324
1500,nearly_sorted,hybrid,5,320
1500,random,hybrid,10,392
1500,reversed,hybrid,10,310
1500,nearly_sorted,hybrid,10,310
1500,random,hybrid,20,372
1500,reversed,hybrid,20,284
1500,nearly_sorted,hybrid,20,242
1500,random,hybrid,30,362
1500,reversed,hybrid,30,353
1500,nearly_sorted,hybrid,30,235
1500,random,hybrid,50,400
1500,reversed,hybrid,50,485
1500,nearly_sorted,hybrid,50,211
1600,random,standard,0,759
1600,reversed,standard,0,622
1600,nearly_sorted,standard,0,548
1600,random,hybrid,5,416
1600,reversed,hybrid,5,357
1600,nearly_sorted,hybrid,5,360
1600,random,hybrid,10,424
1600,reversed,hybrid,10,301
1600,nearly_sorted,hybrid,10,331
1600,random,hybrid,20,366
1600,reversed,hybrid,20,305
1600,nearly_sorted,hybrid,20,283
1600,random,hybrid,30,382
1600,reversed,hybrid,30,382
1600,nearly_sorted,hybrid,30,242
1600,random,hybrid,50,423
1600,reversed,hybrid,50,470
1600,nearly_sorted,hybrid,50,204
1700,random,standard,0,704
1700,reversed,standard,0,575
1700,nearly_sorted,standard,0,610
1700,random,hybrid,5,503
1700,reversed,hybrid,5,389
1700,nearly_sorted,hybrid,5,363
1700,random,hybrid,10,442
1700,reversed,hybrid,10,362
1700,nearly_sorted,hybrid,10,331
1700,random,hybrid,20,391
1700,reversed,hybrid,20,349
1700,nearly_sorted,hybrid,20,302
1700,random,hybrid,30,394
1700,reversed,hybrid,30,365
1700,nearly_sorted,hybrid,30,246
1700,random,hybrid,50,380
1700,reversed,hybrid,50,375
1700,nearly_sorted,hybrid,50,242
1800,random,standard,0,706
1800,reversed,standard,0,605
1800,nearly_sorted,standard,0,619
1800,random,hybrid,5,499
1800,reversed,hybrid,5,368
1800,nearly_sorted,hybrid,5,385
1800,random,hybrid,10,432
1800,reversed,hybrid,10,327
1800,nearly_sorted,hybrid,10,328
1800,random,hybrid,20,402
1800,reversed,hybrid,20,326
1800,nearly_sorted,hybrid,20,272
1800,random,hybrid,30,406
1800,reversed,hybrid,30,397
1800,nearly_sorted,hybrid,30,252
1800,random,hybrid,50,435
1800,reversed,hybrid,50,459
1800,nearly_sorted,hybrid,50,265
1900,random,standard,0,787
1900,reversed,standard,0,703
1900,nearly_sorted,standard,0,739
1900,random,hybrid,5,549
1900,reversed,hybrid,5,399
1900,nearly_sorted,hybrid,5,481
1900,random,hybrid,10,466
1900,reversed,hybrid,10,356
1900,nearly_sorted,hybrid,10,348
1900,random,hybrid,20,455
1900,reversed,hybrid,20,383
1900,nearly_sorted,hybrid,20,338
1900,random,hybrid,30,461
1900,reversed,hybrid,30,493
1900,nearly_sorted,hybrid,30,291
1900,random,hybrid,50,475
1900,reversed,hybrid,50,484
1900,nearly_sorted,hybrid,50,276
2000,random,standard,0,922
2000,reversed,standard,0,758
2000,nearly_sorted,standard,0,773
2000,random,hybrid,5,530
2000,reversed,hybrid,5,421
2000,nearly_sorted,hybrid,5,492
2000,random,hybrid,10,522
2000,reversed,hybrid,10,401
2000,nearly_sorted,hybrid,10,401
2000,random,hybrid,20,470
2000,reversed,hybrid,20,390
2000,nearly_sorted,hybrid,20,317
2000,random,hybrid,30,460
2000,reversed,hybrid,30,448
2000,nearly_sorted,hybrid,30,286
2000,random,hybrid,50,455
2000,reversed,hybrid,50,468
2000,nearly_sorted,hybrid,50,275
2100,random,standard,0,808
2100,reversed,standard,0,696
2100,nearly_sorted,standard,0,692
2100,random,hybrid,5,571
2100,reversed,hybrid,5,415
2100,nearly_sorted,hybrid,5,426
2100,random,hybrid,10,500
2100,reversed,hybrid,10,386
2100,nearly_sorted,hybrid,10,389
2100,random,hybrid,20,462
2100,reversed,hybrid,20,398
2100,nearly_sorted,hybrid,20,319
2100,random,hybrid,30,469
2100,reversed,hybrid,30,435
2100,nearly_sorted,hybrid,30,338
2100,random,hybrid,50,508
2100,reversed,hybrid,50,519
2100,nearly_sorted,hybrid,50,303
2200,random,standard,0,908
2200,reversed,standard,0,709
2200,nearly_sorted,standard,0,767
2200,random,hybrid,5,603
2200,reversed,hybrid,5,436
2200,nearly_sorted,hybrid,5,459
2200,random,hybrid,10,533
2200,reversed,hybrid,10,413
2200,nearly_sorted,hybrid,10,394
2200,random,hybrid,20,518
2200,reversed,hybrid,20,480
2200,nearly_sorted,hybrid,20,390
2200,random,hybrid,30,551
2200,reversed,hybrid,30,452
2200,nearly_sorted,hybrid,30,393
2200,random,hybrid,50,627
2200,reversed,hybrid,50,700
2200,nearly_sorted,hybrid,50,409
2300,random,standard,0,1289
2300,reversed,standard,0,1051
2300,nearly_sorted,standard,0,1112
2300,random,hybrid,5,808
2300,reversed,hybrid,5,610
2300,nearly_sorted,hybrid,5,647
2300,random,hybrid,10,709
2300,reversed,hybrid,10,565
2300,nearly_sorted,hybrid,10,465
2300,random,hybrid,20,546
2300,reversed,hybrid,20,470
2300,nearly_sorted,hybrid,20,376
2300,random,hybrid,30,550
2300,reversed,hybrid,30,467
2300,nearly_sorted,hybrid,30,358
2300,random,hybrid,50,540
2300,reversed,hybrid,50,565
2300,nearly_sorted,hybrid,50,322
2400,random,standard,0,955
2400,reversed,standard,0,753
2400,nearly_sorted,standard,0,820
2400,random,hybrid,5,644
2400,reversed,hybrid,5,472
2400,nearly_sorted,hybrid,5,495
2400,random,hybrid,10,599
2400,reversed,hybrid,10,455
2400,nearly_sorted,hybrid,10,420
2400,random,hybrid,20,567
2400,reversed,hybrid,20,481
2400,nearly_sorted,hybrid,20,377
2400,random,hybrid,30,551
2400,reversed,hybrid,30,478
2400,nearly_sorted,hybrid,30,364
2400,random,hybrid,50,548
2400,reversed,hybrid,50,573
2400,nearly_sorted,hybrid,50,320
2500,random,standard,0,956
2500,reversed,standard,0,773
2500,nearly_sorted,standard,0,829
2500,random,hybrid,5,656
2500,reversed,hybrid,5,480
2500,nearly_sorted,hybrid,5,516
2500,random,hybrid,10,626
2500,reversed,hybrid,10,482
2500,nearly_sorted,hybrid,10,450
2500,random,hybrid,20,585
2500,reversed,hybrid,20,573
2500,nearly_sorted,hybrid,20,425
2500,random,hybrid,30,614
2500,reversed,hybrid,30,557
2500,nearly_sorted,hybrid,30,389
2500,random,hybrid,50,589
2500,reversed,hybrid,50,642
2500,nearly_sorted,hybrid,50,349
2600,random,standard,0,1339
2600,reversed,standard,0,1116
2600,nearly_sorted,standard,0,916
2600,random,hybrid,5,690
2600,reversed,hybrid,5,504
2600,nearly_sorted,hybrid,5,515
2600,random,hybrid,10,619
2600,reversed,hybrid,10,490
2600,nearly_sorted,hybrid,10,468
2600,random,hybrid,20,631
2600,reversed,hybrid,20,563
2600,nearly_sorted,hybrid,20,429
2600,random,hybrid,30,624
2600,reversed,hybrid,30,554
2600,nearly_sorted,hybrid,30,410
2600,random,hybrid,50,642
2600,reversed,hybrid,50,686
2600,nearly_sorted,hybrid,50,380
2700,random,standard,0,1292
2700,reversed,standard,0,965
2700,nearly_sorted,standard,0,940
2700,random,hybrid,5,715
2700,reversed,hybrid,5,537
2700,nearly_sorted,hybrid,5,552
2700,random,hybrid,10,670
2700,reversed,hybrid,10,542
2700,nearly_sorted,hybrid,10,538
2700,random,hybrid,20,631
2700,reversed,hybrid,20,567
2700,nearly_sorted,hybrid,20,439
2700,random,hybrid,30,646
2700,reversed,hybrid,30,575
2700,nearly_sorted,hybrid,30,438
2700,random,hybrid,50,695
2700,reversed,hybrid,50,808
2700,nearly_sorted,hybrid,50,383
2800,random,standard,0,1207
2800,reversed,standard,0,1090
2800,nearly_sorted,standard,0,964
2800,random,hybrid,5,784
2800,reversed,hybrid,5,572
2800,nearly_sorted,hybrid,5,627
2800,random,hybrid,10,692
2800,reversed,hybrid,10,571
2800,nearly_sorted,hybrid,10,544
2800,random,hybrid,20,723
2800,reversed,hybrid,20,600
2800,nearly_sorted,hybrid,20,567
2800,random,hybrid,30,725
2800,reversed,hybrid,30,718
2800,nearly_sorted,hybrid,30,516
2800,random,hybrid,50,846
2800,reversed,hybrid,50,935
2800,nearly_sorted,hybrid,50,489
2900,random,standard,0,1506
2900,reversed,standard,0,1099
2900,nearly_sorted,standard,0,1213
2900,random,hybrid,5,822
2900,reversed,hybrid,5,603
2900,nearly_sorted,hybrid,5,627
2900,random,hybrid,10,780
2900,reversed,hybrid,10,635
2900,nearly_sorted,hybrid,10,556
2900,random,hybrid,20,775
2900,reversed,hybrid,20,587
2900,nearly_sorted,hybrid,20,540
2900,random,hybrid,30,732
2900,reversed,hybrid,30,681
2900,nearly_sorted,hybrid,30,513
2900,random,hybrid,50,814
2900,reversed,hybrid,50,836
2900,nearly_sorted,hybrid,50,415
3000,random,standard,0,1385
3000,reversed,standard,0,985
3000,nearly_sorted,standard,0,1030
3000,random,hybrid,5,793
3000,reversed,hybrid,5,583
3000,nearly_sorted,hybrid,5,605
3000,random,hybrid,10,808
3000,reversed,hybrid,10,663
3000,nearly_sorted,hybrid,10,603
3000,random,hybrid,20,784
3000,reversed,hybrid,20,594
3000,nearly_sorted,hybrid,20,579
3000,random,hybrid,30,724
3000,reversed,hybrid,30,686
3000,nearly_sorted,hybrid,30,474
3000,random,hybrid,50,774
3000,reversed,hybrid,50,855
3000,nearly_sorted,hybrid,50,429
3100,random,standard,0,1291
3100,reversed,standard,0,1034
3100,nearly_sorted,standard,0,1244
3100,random,hybrid,5,946
3100,reversed,hybrid,5,752
3100,nearly_sorted,hybrid,5,779
3100,random,hybrid,10,971
3100,reversed,hybrid,10,748
3100,nearly_sorted,hybrid,10,741
3100,random,hybrid,20,824
3100,reversed,hybrid,20,709
3100,nearly_sorted,hybrid,20,623
3100,random,hybrid,30,818
3100,reversed,hybrid,30,776
3100,nearly_sorted,hybrid,30,545
3100,random,hybrid,50,930
3100,reversed,hybrid,50,1055
3100,nearly_sorted,hybrid,50,515
3200,random,standard,0,1465
3200,reversed,standard,0,1301
3200,nearly_sorted,standard,0,1371
3200,random,hybrid,5,953
3200,reversed,hybrid,5,745
3200,nearly_sorted,hybrid,5,762
3200,random,hybrid,10,880
3200,reversed,hybrid,10,682
3200,nearly_sorted,hybrid,10,687
3200,random,hybrid,20,789
3200,reversed,hybrid,20,705
3200,nearly_sorted,hybrid,20,573
3200,random,hybrid,30,774
3200,reversed,hybrid,30,762
3200,nearly_sorted,hybrid,30,496
3200,random,hybrid,50,828
3200,reversed,hybrid,50,962
3200,nearly_sorted,hybrid,50,504
3300,random,standard,0,1442
3300,reversed,standard,0,1151
3300,nearly_sorted,standard,0,1168
3300,random,hybrid,5,944
3300,reversed,hybrid,5,732
3300,nearly_sorted,hybrid,5,744
3300,random,hybrid,10,929
3300,reversed,hybrid,10,644
3300,nearly_sorted,hybrid,10,683
3300,random,hybrid,20,818
3300,reversed,hybrid,20,657
3300,nearly_sorted,hybrid,20,575
3300,random,hybrid,30,811
3300,reversed,hybrid,30,743
3300,nearly_sorted,hybrid,30,515
3300,random,hybrid,50,838
3300,reversed,hybrid,50,853
3300,nearly_sorted,hybrid,50,500
3400,random,standard,0,1392
3400,reversed,standard,0,1118
3400,nearly_sorted,standard,0,1230
3400,random,hybrid,5,1003
3400,reversed,hybrid,5,865
3400,nearly_sorted,hybrid,5,850
3400,random,hybrid,10,978
3400,reversed,hybrid,10,754
3400,nearly_sorted,hybrid,10,802
3400,random,hybrid,20,925
3400,reversed,hybrid,20,720
3400,nearly_sorted,hybrid,20,612
3400,random,hybrid,30,915
3400,reversed,hybrid,30,852
3400,nearly_sorted,hybrid,30,544
3400,random,hybrid,50,837
3400,reversed,hybrid,50,850
3400,nearly_sorted,hybrid,50,587
3500,random,standard,0,1505
3500,reversed,standard,0,1130
3500,nearly_sorted,standard,0,1241
3500,random,hybrid,5,1022
3500,reversed,hybrid,5,756
3500,nearly_sorted,hybrid,5,834
3500,random,hybrid,10,944
3500,reversed,hybrid,10,696
3500,nearly_sorted,hybrid,10,702
3500,random,hybrid,20,873
3500,reversed,hybrid,20,702
3500,nearly_sorted,hybrid,20,615
3500,random,hybrid,30,856
3500,reversed,hybrid,30,826
3500,nearly_sorted,hybrid,30,548
3500,random,hybrid,50,854
3500,reversed,hybrid,50,805
3500,nearly_sorted,hybrid,50,560
3600,random,standard,0,1565
3600,reversed,standard,0,1174
3600,nearly_sorted,standard,0,1316
3600,random,hybrid,5,1103
3600,reversed,hybrid,5,766
3600,nearly_sorted,hybrid,5,873
3600,random,hybrid,10,1002
3600,reversed,hybrid,10,722
3600,nearly_sorted,hybrid,10,720
3600,random,hybrid,20,872
3600,reversed,hybrid,20,740
3600,nearly_sorted,hybrid,20,624
3600,random,hybrid,30,880
3600,reversed,hybrid,30,875
3600,nearly_sorted,hybrid,30,565
3600,random,hybrid,50,878
3600,reversed,hybrid,50,821
3600,nearly_sorted,hybrid,50,555
3700,random,standard,0,1602
3700,reversed,standard,0,1199
3700,nearly_sorted,standard,0,1353
3700,random,hybrid,5,1214
3700,reversed,hybrid,5,824
3700,nearly_sorted,hybrid,5,903
3700,random,hybrid,10,974
3700,reversed,hybrid,10,739
3700,nearly_sorted,hybrid,10,733
3700,random,hybrid,20,923
3700,reversed,hybrid,20,754
3700,nearly_sorted,hybrid,20,628
3700,random,hybrid,30,932
3700,reversed,hybrid,30,965
3700,nearly_sorted,hybrid,30,668
3700,random,hybrid,50,1049
3700,reversed,hybrid,50,899
3700,nearly_sorted,hybrid,50,564
3800,random,standard,0,1774
3800,reversed,standard,0,1370
3800,nearly_sorted,standard,0,1490
3800,random,hybrid,5,1151
3800,reversed,hybrid,5,902
3800,nearly_sorted,hybrid,5,908
3800,random,hybrid,10,1026
3800,reversed,hybrid,10,768
3800,nearly_sorted,hybrid,10,842
3800,random,hybrid,20,925
3800,reversed,hybrid,20,788
3800,nearly_sorted,hybrid,20,660
3800,random,hybrid,30,999
3800,reversed,hybrid,30,912
3800,nearly_sorted,hybrid,30,599
3800,random,hybrid,50,966
3800,reversed,hybrid,50,1036
3800,nearly_sorted,hybrid,50,589
3900,random,standard,0,1822
3900,reversed,standard,0,1794
3900,nearly_sorted,standard,0,1436
3900,random,hybrid,5,1321
3900,reversed,hybrid,5,1194
3900,nearly_sorted,hybrid,5,1232
3900,random,hybrid,10,1202
3900,reversed,hybrid,10,858
3900,nearly_sorted,hybrid,10,961
3900,random,hybrid,20,1071
3900,reversed,hybrid,20,898
3900,nearly_sorted,hybrid,20,739
3900,random,hybrid,30,1081
3900,reversed,hybrid,30,1018
3900,nearly_sorted,hybrid,30,664
3900,random,hybrid,50,1126
3900,reversed,hybrid,50,1004
3900,nearly_sorted,hybrid,50,664
4000,random,standard,0,1906
4000,reversed,standard,0,1496
4000,nearly_sorted,standard,0,1586
4000,random,hybrid,5,1408
4000,reversed,hybrid,5,934
4000,nearly_sorted,hybrid,5,1041
4000,random,hybrid,10,1090
4000,reversed,hybrid,10,836
4000,nearly_sorted,hybrid,10,863
4000,random,hybrid,20,1040
4000,reversed,hybrid,20,858
4000,nearly_sorted,hybrid,20,708
4000,random,hybrid,30,1017
4000,reversed,hybrid,30,944
4000,nearly_sorted,hybrid,30,675
4000,random,hybrid,50,1035
4000,reversed,hybrid,50,1042
4000,nearly_sorted,hybrid,50,652
4100,random,standard,0,1854
4100,reversed,standard,0,1713
4100,nearly_sorted,standard,0,1654
4100,random,hybrid,5,1382
4100,reversed,hybrid,5,973
4100,nearly_sorted,hybrid,5,1126
4100,random,hybrid,10,1211
4100,reversed,hybrid,10,888
4100,nearly_sorted,hybrid,10,835
4100,random,hybrid,20,1141
4100,reversed,hybrid,20,952
4100,nearly_sorted,hybrid,20,739
4100,random,hybrid,30,1104
4100,reversed,hybrid,30,978
4100,nearly_sorted,hybrid,30,785
4100,random,hybrid,50,1116
4100,reversed,hybrid,50,1183
4100,nearly_sorted,hybrid,50,724
4200,random,standard,0,1994
4200,reversed,standard,0,1605
4200,nearly_sorted,standard,0,1621
4200,random,hybrid,5,1439
4200,reversed,hybrid,5,1090
4200,nearly_sorted,hybrid,5,1164
4200,random,hybrid,10,1248
4200,reversed,hybrid,10,916
4200,nearly_sorted,hybrid,10,974
4200,random,hybrid,20,1170
4200,reversed,hybrid,20,939
4200,nearly_sorted,hybrid,20,850
4200,random,hybrid,30,1115
4200,reversed,hybrid,30,949
4200,nearly_sorted,hybrid,30,751
4200,random,hybrid,50,1110
4200,reversed,hybrid,50,1121
4200,nearly_sorted,hybrid,50,729
4300,random,standard,0,2090
4300,reversed,standard,0,1488
4300,nearly_sorted,standard,0,2188
4300,random,hybrid,5,1411
4300,reversed,hybrid,5,934
4300,nearly_sorted,hybrid,5,1013
4300,random,hybrid,10,1347
4300,reversed,hybrid,10,891
4300,nearly_sorted,hybrid,10,850
4300,random,hybrid,20,1477
4300,reversed,hybrid,20,1152
4300,nearly_sorted,hybrid,20,810
4300,random,hybrid,30,1197
4300,reversed,hybrid,30,903
4300,nearly_sorted,hybrid,30,765
4300,random,hybrid,50,1160
4300,reversed,hybrid,50,1153
4300,nearly_sorted,hybrid,50,685
4400,random,standard,0,2074
4400,reversed,standard,0,1722
4400,nearly_sorted,standard,0,2403
4400,random,hybrid,5,1284
4400,reversed,hybrid,5,1354
4400,nearly_sorted,hybrid,5,964
4400,random,hybrid,10,1135
4400,reversed,hybrid,10,884
4400,nearly_sorted,hybrid,10,842
4400,random,hybrid,20,1065
4400,reversed,hybrid,20,1377
4400,nearly_sorted,hybrid,20,783
4400,random,hybrid,30,1084
4400,reversed,hybrid,30,920
4400,nearly_sorted,hybrid,30,730
4400,random,hybrid,50,1108
4400,reversed,hybrid,50,1101
4400,nearly_sorted,hybrid,50,681
4500,random,standard,0,2049
4500,reversed,standard,0,1561
4500,nearly_sorted,standard,0,1526
4500,random,hybrid,5,1261
4500,reversed,hybrid,5,944
4500,nearly_sorted,hybrid,5,984
4500,random,hybrid,10,1183
4500,reversed,hybrid,10,895
4500,nearly_sorted,hybrid,10,880
4500,random,hybrid,20,1080
4500,reversed,hybrid,20,940
4500,nearly_sorted,hybrid,20,770
4500,random,hybrid,30,1103
4500,reversed,hybrid,30,924
4500,nearly_sorted,hybrid,30,754
4500,random,hybrid,50,1075
4500,reversed,hybrid,50,1100
4500,nearly_sorted,hybrid,50,678
4600,random,standard,0,1999
4600,reversed,standard,0,1583
4600,nearly_sorted,standard,0,1628
4600,random,hybrid,5,1325
4600,reversed,hybrid,5,951
4600,nearly_sorted,hybrid,5,1010
4600,random,hybrid,10,1196
4600,reversed,hybrid,10,908
4600,nearly_sorted,hybrid,10,871
4600,random,hybrid,20,1140
4600,reversed,hybrid,20,965
4600,nearly_sorted,hybrid,20,782
4600,random,hybrid,30,1131
4600,reversed,hybrid,30,964
4600,nearly_sorted,hybrid,30,801
4600,random,hybrid,50,1161
4600,reversed,hybrid,50,1186
4600,nearly_sorted,hybrid,50,712
4700,random,standard,0,2145
4700,reversed,standard,0,1587
4700,nearly_sorted,standard,0,1690
4700,random,hybrid,5,1362
4700,reversed,hybrid,5,1012
4700,nearly_sorted,hybrid,5,1084
4700,random,hybrid,10,1262
4700,reversed,hybrid,10,958
4700,nearly_sorted,hybrid,10,1369
4700,random,hybrid,20,1734
4700,reversed,hybrid,20,1564
4700,nearly_sorted,hybrid,20,1249
4700,random,hybrid,30,1702
4700,reversed,hybrid,30,1516
4700,nearly_sorted,hybrid,30,1225
4700,random,hybrid,50,1743
4700,reversed,hybrid,50,1972
4700,nearly_sorted,hybrid,50,1198
4800,random,standard,0,3169
4800,reversed,standard,0,2713
4800,nearly_sorted,standard,0,2723
4800,random,hybrid,5,2120
4800,reversed,hybrid,5,1505
4800,nearly_sorted,hybrid,5,1598
4800,random,hybrid,10,1351
4800,reversed,hybrid,10,1008
4800,nearly_sorted,hybrid,10,953
4800,random,hybrid,20,1331
4800,reversed,hybrid,20,1087
4800,nearly_sorted,hybrid,20,882
4800,random,hybrid,30,1277
4800,reversed,hybrid,30,1088
4800,nearly_sorted,hybrid,30,861
4800,random,hybrid,50,1516
4800,reversed,hybrid,50,1522
4800,nearly_sorted,hybrid,50,787
4900,random,standard,0,2149
4900,reversed,standard,0,1635
4900,nearly_sorted,standard,0,1879
4900,random,hybrid,5,1436
4900,reversed,hybrid,5,1145
4900,nearly_sorted,hybrid,5,1082
4900,random,hybrid,10,1323
4900,reversed,hybrid,10,1098
4900,nearly_sorted,hybrid,10,953
4900,random,hybrid,20,1220
4900,reversed,hybrid,20,1044
4900,nearly_sorted,hybrid,20,833
4900,random,hybrid,30,1189
4900,reversed,hybrid,30,1029
4900,nearly_sorted,hybrid,30,828
4900,random,hybrid,50,1228
4900,reversed,hybrid,50,1393
4900,nearly_sorted,hybrid,50,758
5000,random,standard,0,2096
5000,reversed,standard,0,2022
5000,nearly_sorted,standard,0,2100
5000,random,hybrid,5,1446
5000,reversed,hybrid,5,1129
5000,nearly_sorted,hybrid,5,1097
5000,random,hybrid,10,1286
5000,reversed,hybrid,10,967
5000,nearly_sorted,hybrid,10,930
5000,random,hybrid,20,1217
5000,reversed,hybrid,20,1045
5000,nearly_sorted,hybrid,20,826
5000,random,hybrid,30,1220
5000,reversed,hybrid,30,1045
5000,nearly_sorted,hybrid,30,826
5000,random,hybrid,50,1258
5000,reversed,hybrid,50,1300
5000,nearly_sorted,hybrid,50,779
5100,random,standard,0,2060
5100,reversed,standard,0,1583
5100,nearly_sorted,standard,0,2092
5100,random,hybrid,5,1499
5100,reversed,hybrid,5,1018
5100,nearly_sorted,hybrid,5,1169
5100,random,hybrid,10,1344
5100,reversed,hybrid,10,1031
5100,nearly_sorted,hybrid,10,965
5100,random,hybrid,20,1279
5100,reversed,hybrid,20,1042
5100,nearly_sorted,hybrid,20,843
5100,random,hybrid,30,1244
5100,reversed,hybrid,30,1047
5100,nearly_sorted,hybrid,30,828
5100,random,hybrid,50,1279
5100,reversed,hybrid,50,1331
5100,nearly_sorted,hybrid,50,780
5200,random,standard,0,2242
5200,reversed,standard,0,1742
5200,nearly_sorted,standard,0,1904
5200,random,hybrid,5,1490
5200,reversed,hybrid,5,1098
5200,nearly_sorted,hybrid,5,1165
5200,random,hybrid,10,1403
5200,reversed,hybrid,10,1066
5200,nearly_sorted,hybrid,10,1006
5200,random,hybrid,20,1314
5200,reversed,hybrid,20,1081
5200,nearly_sorted,hybrid,20,894
5200,random,hybrid,30,1310
5200,reversed,hybrid,30,1131
5200,nearly_sorted,hybrid,30,892
5200,random,hybrid,50,1358
5200,reversed,hybrid,50,1463
5200,nearly_sorted,hybrid,50,816
5300,random,standard,0,2548
5300,reversed,standard,0,1827
5300,nearly_sorted,standard,0,2023
5300,random,hybrid,5,1633
5300,reversed,hybrid,5,1137
5300,nearly_sorted,hybrid,5,1189
5300,random,hybrid,10,1426
5300,reversed,hybrid,10,1102
5300,nearly_sorted,hybrid,10,1034
5300,random,hybrid,20,1355
5300,reversed,hybrid,20,1165
5300,nearly_sorted,hybrid,20,891
5300,random,hybrid,30,1314
5300,reversed,hybrid,30,1158
5300,nearly_sorted,hybrid,30,918
5300,random,hybrid,50,1420
5300,reversed,hybrid,50,1447
5300,nearly_sorted,hybrid,50,819
5400,random,standard,0,2415
5400,reversed,standard,0,1840
5400,nearly_sorted,standard,0,2193
5400,random,hybrid,5,1597
5400,reversed,hybrid,5,1119
5400,nearly_sorted,hybrid,5,1208
5400,random,hybrid,10,1466
5400,reversed,hybrid,10,1101
5400,nearly_sorted,hybrid,10,1010
5400,random,hybrid,20,1375
5400,reversed,hybrid,20,1221
5400,nearly_sorted,hybrid,20,1132
5400,random,hybrid,30,1485
5400,reversed,hybrid,30,1358
5400,nearly_sorted,hybrid,30,1081
5400,random,hybrid,50,1686
5400,reversed,hybrid,50,1968
5400,nearly_sorted,hybrid,50,1029
5500,random,standard,0,3059
5500,reversed,standard,0,2598
5500,nearly_sorted,standard,0,2990
5500,random,hybrid,5,2122
5500,reversed,hybrid,5,1674
5500,nearly_sorted,hybrid,5,1700
5500,random,hybrid,10,1950
5500,reversed,hybrid,10,1552
5500,nearly_sorted,hybrid,10,1467
5500,random,hybrid,20,1912
5500,reversed,hybrid,20,1599
5500,nearly_sorted,hybrid,20,1396
5500,random,hybrid,30,1608
5500,reversed,hybrid,30,1415
5500,nearly_sorted,hybrid,30,1034
5500,random,hybrid,50,1654
5500,reversed,hybrid,50,1848
5500,nearly_sorted,hybrid,50,983
5600,random,standard,0,2719
5600,reversed,standard,0,1997
5600,nearly_sorted,standard,0,2231
5600,random,hybrid,5,1818
5600,reversed,hybrid,5,1259
5600,nearly_sorted,hybrid,5,2139
5600,random,hybrid,10,2695
5600,reversed,hybrid,10,2246
5600,nearly_sorted,hybrid,10,2149
5600,random,hybrid,20,2766
5600,reversed,hybrid,20,2212
5600,nearly_sorted,hybrid,20,2017
5600,random,hybrid,30,2332
5600,reversed,hybrid,30,1399
5600,nearly_sorted,hybrid,30,1424
5600,random,hybrid,50,1781
5600,reversed,hybrid,50,1736
5600,nearly_sorted,hybrid,50,919
5700,random,standard,0,2520
5700,reversed,standard,0,1946
5700,nearly_sorted,standard,0,2056
5700,random,hybrid,5,1632
5700,reversed,hybrid,5,1201
5700,nearly_sorted,hybrid,5,1287
5700,random,hybrid,10,1512
5700,reversed,hybrid,10,1171
5700,nearly_sorted,hybrid,10,1106
5700,random,hybrid,20,1499
5700,reversed,hybrid,20,1170
5700,nearly_sorted,hybrid,20,1068
5700,random,hybrid,30,1437
5700,reversed,hybrid,30,1232
5700,nearly_sorted,hybrid,30,946
5700,random,hybrid,50,1492
5700,reversed,hybrid,50,1598
5700,nearly_sorted,hybrid,50,911
5800,random,standard,0,2680
5800,reversed,standard,0,1961
5800,nearly_sorted,standard,0,2169
5800,random,hybrid,5,1674
5800,reversed,hybrid,5,1205
5800,nearly_sorted,hybrid,5,1327
5800,random,hybrid,10,1579
5800,reversed,hybrid,10,1216
5800,nearly_sorted,hybrid,10,1158
5800,random,hybrid,20,1516
5800,reversed,hybrid,20,1210
5800,nearly_sorted,hybrid,20,1109
5800,random,hybrid,30,1470
5800,reversed,hybrid,30,1324
5800,nearly_sorted,hybrid,30,993
5800,random,hybrid,50,1573
5800,reversed,hybrid,50,1661
5800,nearly_sorted,hybrid,50,880
5900,random,standard,0,2568
5900,reversed,standard,0,2085
5900,nearly_sorted,standard,0,2198
5900,random,hybrid,5,1747
5900,reversed,hybrid,5,1197
5900,nearly_sorted,hybrid,5,1283
5900,random,hybrid,10,1564
5900,reversed,hybrid,10,1213
5900,nearly_sorted,hybrid,10,1176
5900,random,hybrid,20,1530
5900,reversed,hybrid,20,1184
5900,nearly_sorted,hybrid,20,1121
5900,random,hybrid,30,1459
5900,reversed,hybrid,30,1334
5900,nearly_sorted,hybrid,30,988
5900,random,hybrid,50,1589
5900,reversed,hybrid,50,1671
5900,nearly_sorted,hybrid,50,917
6000,random,standard,0,2483
6000,reversed,standard,0,2220
6000,nearly_sorted,standard,0,2503
6000,random,hybrid,5,1728
6000,reversed,hybrid,5,1281
6000,nearly_sorted,hybrid,5,1302
6000,random,hybrid,10,1686
6000,reversed,hybrid,10,1244
6000,nearly_sorted,hybrid,10,1239
6000,random,hybrid,20,1524
6000,reversed,hybrid,20,1244
6000,nearly_sorted,hybrid,20,1123
6000,random,hybrid,30,1516
6000,reversed,hybrid,30,1342
6000,nearly_sorted,hybrid,30,993
6000,random,hybrid,50,1649
6000,reversed,hybrid,50,1768
6000,nearly_sorted,hybrid,50,943
6100,random,standard,0,2796
6100,reversed,standard,0,2544
6100,nearly_sorted,standard,0,2440
6100,random,hybrid,5,1861
6100,reversed,hybrid,5,1307
6100,nearly_sorted,hybrid,5,1349
6100,random,hybrid,10,1767
6100,reversed,hybrid,10,1286
6100,nearly_sorted,hybrid,10,1347
6100,random,hybrid,20,1637
6100,reversed,hybrid,20,1271
6100,nearly_sorted,hybrid,20,1171
6100,random,hybrid,30,1601
6100,reversed,hybrid,30,1441
6100,nearly_sorted,hybrid,30,1039
6100,random,hybrid,50,1748
6100,reversed,hybrid,50,1833
6100,nearly_sorted,hybrid,50,969
6200,random,standard,0,2801
6200,reversed,standard,0,3130
6200,nearly_sorted,standard,0,3306
6200,random,hybrid,5,2601
6200,reversed,hybrid,5,1474
6200,nearly_sorted,hybrid,5,1454
6200,random,hybrid,10,1883
6200,reversed,hybrid,10,1368
6200,nearly_sorted,hybrid,10,1379
6200,random,hybrid,20,2364
6200,reversed,hybrid,20,1334
6200,nearly_sorted,hybrid,20,1500
6200,random,hybrid,30,1626
6200,reversed,hybrid,30,1876
6200,nearly_sorted,hybrid,30,1380
6200,random,hybrid,50,1760
6200,reversed,hybrid,50,2037
6200,nearly_sorted,hybrid,50,1018
6300,random,standard,0,2908
6300,reversed,standard,0,2400
6300,nearly_sorted,standard,0,2424
6300,random,hybrid,5,1887
6300,reversed,hybrid,5,1448
6300,nearly_sorted,hybrid,5,1510
6300,random,hybrid,10,1846
6300,reversed,hybrid,10,1325
6300,nearly_sorted,hybrid,10,1450
6300,random,hybrid,20,1874
6300,reversed,hybrid,20,1585
6300,nearly_sorted,hybrid,20,1371
6300,random,hybrid,30,1823
6300,reversed,hybrid,30,1631
6300,nearly_sorted,hybrid,30,1189
6300,random,hybrid,50,1827
6300,reversed,hybrid,50,2006
6300,nearly_sorted,hybrid,50,1097
6400,random,standard,0,2980
6400,reversed,standard,0,2932
6400,nearly_sorted,standard,0,2425
6400,random,hybrid,5,1887
6400,reversed,hybrid,5,1408
6400,nearly_sorted,hybrid,5,1565
6400,random,hybrid,10,1881
6400,reversed,hybrid,10,1630
6400,nearly_sorted,hybrid,10,1594
6400,random,hybrid,20,2405
6400,reversed,hybrid,20,1555
6400,nearly_sorted,hybrid,20,1334
6400,random,hybrid,30,1798
6400,reversed,hybrid,30,1474
6400,nearly_sorted,hybrid,30,1127
6400,random,hybrid,50,1824
6400,reversed,hybrid,50,2028
6400,nearly_sorted,hybrid,50,1001
6500,random,standard,0,2900
6500,reversed,standard,0,2228
6500,nearly_sorted,standard,0,2390
6500,random,hybrid,5,1997
6500,reversed,hybrid,5,1462
6500,nearly_sorted,hybrid,5,1508
6500,random,hybrid,10,1895
6500,reversed,hybrid,10,1389
6500,nearly_sorted,hybrid,10,1441
6500,random,hybrid,20,1767
6500,reversed,hybrid,20,1398
6500,nearly_sorted,hybrid,20,1257
6500,random,hybrid,30,1698
6500,reversed,hybrid,30,1538
6500,nearly_sorted,hybrid,30,1140
6500,random,hybrid,50,1800
6500,reversed,hybrid,50,2073
6500,nearly_sorted,hybrid,50,1068
6600,random,standard,0,2995
6600,reversed,standard,0,2240
6600,nearly_sorted,standard,0,2665
6600,random,hybrid,5,2262
6600,reversed,hybrid,5,1622
6600,nearly_sorted,hybrid,5,1572
6600,random,hybrid,10,2063
6600,reversed,hybrid,10,1390
6600,nearly_sorted,hybrid,10,1450
6600,random,hybrid,20,1759
6600,reversed,hybrid,20,1453
6600,nearly_sorted,hybrid,20,1248
6600,random,hybrid,30,1764
6600,reversed,hybrid,30,1584
6600,nearly_sorted,hybrid,30,1230
6600,random,hybrid,50,1779
6600,reversed,hybrid,50,1821
6600,nearly_sorted,hybrid,50,1155
6700,random,standard,0,3226
6700,reversed,standard,0,2273
6700,nearly_sorted,standard,0,2669
6700,random,hybrid,5,2162
6700,reversed,hybrid,5,1617
6700,nearly_sorted,hybrid,5,1627
6700,random,hybrid,10,1970
6700,reversed,hybrid,10,1384
6700,nearly_sorted,hybrid,10,1505
6700,random,hybrid,20,1759
6700,reversed,hybrid,20,1492
6700,nearly_sorted,hybrid,20,1311
6700,random,hybrid,30,1747
6700,reversed,hybrid,30,1638
6700,nearly_sorted,hybrid,30,1127
6700,random,hybrid,50,1776
6700,reversed,hybrid,50,1550
6700,nearly_sorted,hybrid,50,1201
6800,random,standard,0,2918
6800,reversed,standard,0,2262
6800,nearly_sorted,standard,0,2641
6800,random,hybrid,5,2496
6800,reversed,hybrid,5,1577
6800,nearly_sorted,hybrid,5,1662
6800,random,hybrid,10,1971
6800,reversed,hybrid,10,1416
6800,nearly_sorted,hybrid,10,1418
6800,random,hybrid,20,1765
6800,reversed,hybrid,20,1395
6800,nearly_sorted,hybrid,20,1248
6800,random,hybrid,30,1733
6800,reversed,hybrid,30,1539
6800,nearly_sorted,hybrid,30,1139
6800,random,hybrid,50,1736
6800,reversed,hybrid,50,1580
6800,nearly_sorted,hybrid,50,1105
6900,random,standard,0,2845
6900,reversed,standard,0,2248
6900,nearly_sorted,standard,0,2470
6900,random,hybrid,5,2081
6900,reversed,hybrid,5,1544
6900,nearly_sorted,hybrid,5,1628
6900,random,hybrid,10,1880
6900,reversed,hybrid,10,1422
6900,nearly_sorted,hybrid,10,1439
6900,random,hybrid,20,1827
6900,reversed,hybrid,20,1382
6900,nearly_sorted,hybrid,20,1268
6900,random,hybrid,30,1737
6900,reversed,hybrid,30,1627
6900,nearly_sorted,hybrid,30,1120
6900,random,hybrid,50,1768
6900,reversed,hybrid,50,1590
6900,nearly_sorted,hybrid,50,1156
7000,random,standard,0,2909
7000,reversed,standard,0,2307
7000,nearly_sorted,standard,0,2495
7000,random,hybrid,5,2252
7000,reversed,hybrid,5,1578
7000,nearly_sorted,hybrid,5,1747
7000,random,hybrid,10,1980
7000,reversed,hybrid,10,1472
7000,nearly_sorted,hybrid,10,1481
7000,random,hybrid,20,1818
7000,reversed,hybrid,20,1433
7000,nearly_sorted,hybrid,20,1293
7000,random,hybrid,30,1800
7000,reversed,hybrid,30,1607
7000,nearly_sorted,hybrid,30,1134
7000,random,hybrid,50,1815
7000,reversed,hybrid,50,1697
7000,nearly_sorted,hybrid,50,1201
7100,random,standard,0,3051
7100,reversed,standard,0,2407
7100,nearly_sorted,standard,0,2527
7100,random,hybrid,5,2187
7100,reversed,hybrid,5,1597
7100,nearly_sorted,hybrid,5,1666
7100,random,hybrid,10,1980
7100,reversed,hybrid,10,1442
7100,nearly_sorted,hybrid,10,1485
7100,random,hybrid,20,1850
7100,reversed,hybrid,20,1467
7100,nearly_sorted,hybrid,20,1307
7100,random,hybrid,30,1848
7100,reversed,hybrid,30,1708
7100,nearly_sorted,hybrid,30,1190
7100,random,hybrid,50,1838
7100,reversed,hybrid,50,1710
7100,nearly_sorted,hybrid,50,1189
7200,random,standard,0,3159
7200,reversed,standard,0,2343
7200,nearly_sorted,standard,0,2528
7200,random,hybrid,5,2223
7200,reversed,hybrid,5,1635
7200,nearly_sorted,hybrid,5,1804
7200,random,hybrid,10,1994
7200,reversed,hybrid,10,1466
7200,nearly_sorted,hybrid,10,1492
7200,random,hybrid,20,1824
7200,reversed,hybrid,20,1500
7200,nearly_sorted,hybrid,20,1298
7200,random,hybrid,30,1820
7200,reversed,hybrid,30,1690
7200,nearly_sorted,hybrid,30,1210
7200,random,hybrid,50,1865
7200,reversed,hybrid,50,1840
7200,nearly_sorted,hybrid,50,1199
7300,random,standard,0,3326
7300,reversed,standard,0,2399
7300,nearly_sorted,standard,0,2577
7300,random,hybrid,5,2245
7300,reversed,hybrid,5,1648
7300,nearly_sorted,hybrid,5,1798
7300,random,hybrid,10,2056
7300,reversed,hybrid,10,1488
7300,nearly_sorted,hybrid,10,1523
7300,random,hybrid,20,1889
7300,reversed,hybrid,20,1523
7300,nearly_sorted,hybrid,20,1351
7300,random,hybrid,30,1878
7300,reversed,hybrid,30,1716
7300,nearly_sorted,hybrid,30,1226
7300,random,hybrid,50,1879
7300,reversed,hybrid,50,1773
7300,nearly_sorted,hybrid,50,1225
7400,random,standard,0,3398
7400,reversed,standard,0,2632
7400,nearly_sorted,standard,0,2676
7400,random,hybrid,5,2311
7400,reversed,hybrid,5,1678
7400,nearly_sorted,hybrid,5,1804
7400,random,hybrid,10,2077
7400,reversed,hybrid,10,1525
7400,nearly_sorted,hybrid,10,1516
7400,random,hybrid,20,1945
7400,reversed,hybrid,20,1538
7400,nearly_sorted,hybrid,20,1318
7400,random,hybrid,30,1872
7400,reversed,hybrid,30,1779
7400,nearly_sorted,hybrid,30,1211
7400,random,hybrid,50,1907
7400,reversed,hybrid,50,1735
7400,nearly_sorted,hybrid,50,1229
7500,random,standard,0,3336
7500,reversed,standard,0,2504
7500,nearly_sorted,standard,0,2671
7500,random,hybrid,5,2337
7500,reversed,hybrid,5,1685
7500,nearly_sorted,hybrid,5,1790
7500,random,hybrid,10,2063
7500,reversed,hybrid,10,1544
7500,nearly_sorted,hybrid,10,1564
7500,random,hybrid,20,1954
7500,reversed,hybrid,20,1566
7500,nearly_sorted,hybrid,20,1382
7500,random,hybrid,30,1942
7500,reversed,hybrid,30,1813
7500,nearly_sorted,hybrid,30,1257
7500,random,hybrid,50,1979
7500,reversed,hybrid,50,1831
7500,nearly_sorted,hybrid,50,1345
7600,random,standard,0,3952
7600,reversed,standard,0,3104
7600,nearly_sorted,standard,0,3086
7600,random,hybrid,5,2497
7600,reversed,hybrid,5,1811
7600,nearly_sorted,hybrid,5,1926
7600,random,hybrid,10,2261
7600,reversed,hybrid,10,1640
7600,nearly_sorted,hybrid,10,1676
7600,random,hybrid,20,2087
7600,reversed,hybrid,20,1634
7600,nearly_sorted,hybrid,20,1389
7600,random,hybrid,30,2019
7600,reversed,hybrid,30,1840
7600,nearly_sorted,hybrid,30,1314
7600,random,hybrid,50,2006
7600,reversed,hybrid,50,1846
7600,nearly_sorted,hybrid,50,1279
7700,random,standard,0,3315
7700,reversed,standard,0,2582
7700,nearly_sorted,standard,0,2757
7700,random,hybrid,5,2425
7700,reversed,hybrid,5,1735
7700,nearly_sorted,hybrid,5,1857
7700,random,hybrid,10,2130
7700,reversed,hybrid,10,1591
7700,nearly_sorted,hybrid,10,1598
7700,random,hybrid,20,2011
7700,reversed,hybrid,20,1605
7700,nearly_sorted,hybrid,20,1420
7700,random,hybrid,30,1959
7700,reversed,hybrid,30,1923
7700,nearly_sorted,hybrid,30,1318
7700,random,hybrid,50,2045
7700,reversed,hybrid,50,1900
7700,nearly_sorted,hybrid,50,1310
7800,random,standard,0,3321
7800,reversed,standard,0,2785
7800,nearly_sorted,standard,0,2944
7800,random,hybrid,5,2625
7800,reversed,hybrid,5,1852
7800,nearly_sorted,hybrid,5,1975
7800,random,hybrid,10,2204
7800,reversed,hybrid,10,1606
7800,nearly_sorted,hybrid,10,1613
7800,random,hybrid,20,2075
7800,reversed,hybrid,20,1683
7800,nearly_sorted,hybrid,20,1444
7800,random,hybrid,30,2102
7800,reversed,hybrid,30,1920
7800,nearly_sorted,hybrid,30,1306
7800,random,hybrid,50,2068
7800,reversed,hybrid,50,1954
7800,nearly_sorted,hybrid,50,1329
7900,random,standard,0,3458
7900,reversed,standard,0,2664
7900,nearly_sorted,standard,0,2842
7900,random,hybrid,5,2475
7900,reversed,hybrid,5,1804
7900,nearly_sorted,hybrid,5,1937
7900,random,hybrid,10,2231
7900,reversed,hybrid,10,1629
7900,nearly_sorted,hybrid,10,1649
7900,random,hybrid,20,2102
7900,reversed,hybrid,20,1652
7900,nearly_sorted,hybrid,20,1440
7900,random,hybrid,30,2022
7900,reversed,hybrid,30,1917
7900,nearly_sorted,hybrid,30,1304
7900,random,hybrid,50,2071
7900,reversed,hybrid,50,1899
7900,nearly_sorted,hybrid,50,1312
8000,random,standard,0,3427
8000,reversed,standard,0,2672
8000,nearly_sorted,standard,0,2868
8000,random,hybrid,5,2492
8000,reversed,hybrid,5,1810
8000,nearly_sorted,hybrid,5,1955
8000,random,hybrid,10,2251
8000,reversed,hybrid,10,1657
8000,nearly_sorted,hybrid,10,1693
8000,random,hybrid,20,2154
8000,reversed,hybrid,20,1793
8000,nearly_sorted,hybrid,20,1511
8000,random,hybrid,30,2216
8000,reversed,hybrid,30,2051
8000,nearly_sorted,hybrid,30,1451
8000,random,hybrid,50,2164
8000,reversed,hybrid,50,2009
8000,nearly_sorted,hybrid,50,1367
8100,random,standard,0,3377
8100,reversed,standard,0,2631
8100,nearly_sorted,standard,0,2870
8100,random,hybrid,5,2480
8100,reversed,hybrid,5,1784
8100,nearly_sorted,hybrid,5,1969
8100,random,hybrid,10,2260
8100,reversed,hybrid,10,1691
8100,nearly_sorted,hybrid,10,1682
8100,random,hybrid,20,2120
8100,reversed,hybrid,20,1750
8100,nearly_sorted,hybrid,20,1525
8100,random,hybrid,30,2143
8100,reversed,hybrid,30,1852
8100,nearly_sorted,hybrid,30,1481
8100,random,hybrid,50,2197
8100,reversed,hybrid,50,2033
8100,nearly_sorted,hybrid,50,1362
8200,random,standard,0,3593
8200,reversed,standard,0,2694
8200,nearly_sorted,standard,0,2962
8200,random,hybrid,5,2515
8200,reversed,hybrid,5,1828
8200,nearly_sorted,hybrid,5,2000
8200,random,hybrid,10,2324
8200,reversed,hybrid,10,1728
8200,nearly_sorted,hybrid,10,1713
8200,random,hybrid,20,2203
8200,reversed,hybrid,20,1773
8200,nearly_sorted,hybrid,20,1461
8200,random,hybrid,30,2152
8200,reversed,hybrid,30,1757
8200,nearly_sorted,hybrid,30,1508
8200,random,hybrid,50,2156
8200,reversed,hybrid,50,2021
8200,nearly_sorted,hybrid,50,1340
8300,random,standard,0,3475
8300,reversed,standard,0,2749
8300,nearly_sorted,standard,0,2909
8300,random,hybrid,5,2586
8300,reversed,hybrid,5,1841
8300,nearly_sorted,hybrid,5,2014
8300,random,hybrid,10,2379
8300,reversed,hybrid,10,1767
8300,nearly_sorted,hybrid,10,1684
8300,random,hybrid,20,2172
8300,reversed,hybrid,20,1768
8300,nearly_sorted,hybrid,20,1578
8300,random,hybrid,30,2157
8300,reversed,hybrid,30,1745
8300,nearly_sorted,hybrid,30,1536
8300,random,hybrid,50,2200
8300,reversed,hybrid,50,2128
8300,nearly_sorted,hybrid,50,1389
8400,random,standard,0,3485
8400,reversed,standard,0,2783
8400,nearly_sorted,standard,0,3039
8400,random,hybrid,5,2634
8400,reversed,hybrid,5,1984
8400,nearly_sorted,hybrid,5,2044
8400,random,hybrid,10,2359
8400,reversed,hybrid,10,1762
8400,nearly_sorted,hybrid,10,1733
8400,random,hybrid,20,2214
8400,reversed,hybrid,20,1806
8400,nearly_sorted,hybrid,20,1508
8400,random,hybrid,30,2165
8400,reversed,hybrid,30,1749
8400,nearly_sorted,hybrid,30,1500
8400,random,hybrid,50,2162
8400,reversed,hybrid,50,2080
8400,nearly_sorted,hybrid,50,1382
8500,random,standard,0,3701
8500,reversed,standard,0,2852
8500,nearly_sorted,standard,0,3093
8500,random,hybrid,5,2677
8500,reversed,hybrid,5,1934
8500,nearly_sorted,hybrid,5,2038
8500,random,hybrid,10,2404
8500,reversed,hybrid,10,1795
8500,nearly_sorted,hybrid,10,1761
8500,random,hybrid,20,2286
8500,reversed,hybrid,20,1826
8500,nearly_sorted,hybrid,20,1533
8500,random,hybrid,30,2188
8500,reversed,hybrid,30,1788
8500,nearly_sorted,hybrid,30,1515
8500,random,hybrid,50,2218
8500,reversed,hybrid,50,2135
8500,nearly_sorted,hybrid,50,1388
8600,random,standard,0,3629
8600,reversed,standard,0,2915
8600,nearly_sorted,standard,0,3096
8600,random,hybrid,5,2628
8600,reversed,hybrid,5,1947
8600,nearly_sorted,hybrid,5,2055
8600,random,hybrid,10,2436
8600,reversed,hybrid,10,1846
8600,nearly_sorted,hybrid,10,1795
8600,random,hybrid,20,2302
8600,reversed,hybrid,20,1834
8600,nearly_sorted,hybrid,20,1577
8600,random,hybrid,30,2233
8600,reversed,hybrid,30,1898
8600,nearly_sorted,hybrid,30,1625
8600,random,hybrid,50,2344
8600,reversed,hybrid,50,2209
8600,nearly_sorted,hybrid,50,1434
8700,random,standard,0,3713
8700,reversed,standard,0,2984
8700,nearly_sorted,standard,0,3186
8700,random,hybrid,5,2672
8700,reversed,hybrid,5,1945
8700,nearly_sorted,hybrid,5,2095
8700,random,hybrid,10,2445
8700,reversed,hybrid,10,1770
8700,nearly_sorted,hybrid,10,1737
8700,random,hybrid,20,2228
8700,reversed,hybrid,20,1891
8700,nearly_sorted,hybrid,20,1558
8700,random,hybrid,30,2251
8700,reversed,hybrid,30,1825
8700,nearly_sorted,hybrid,30,1565
8700,random,hybrid,50,2256
8700,reversed,hybrid,50,2183
8700,nearly_sorted,hybrid,50,1444
8800,random,standard,0,3770
8800,reversed,standard,0,3075
8800,nearly_sorted,standard,0,3235
8800,random,hybrid,5,2788
8800,reversed,hybrid,5,1996
8800,nearly_sorted,hybrid,5,2107
8800,random,hybrid,10,2504
8800,reversed,hybrid,10,2018
8800,nearly_sorted,hybrid,10,1955
8800,random,hybrid,20,2579
8800,reversed,hybrid,20,2065
8800,nearly_sorted,hybrid,20,1822
8800,random,hybrid,30,2510
8800,reversed,hybrid,30,2164
8800,nearly_sorted,hybrid,30,1675
8800,random,hybrid,50,2379
8800,reversed,hybrid,50,2372
8800,nearly_sorted,hybrid,50,1466
8900,random,standard,0,4046
8900,reversed,standard,0,3420
8900,nearly_sorted,standard,0,3662
8900,random,hybrid,5,2953
8900,reversed,hybrid,5,2099
8900,nearly_sorted,hybrid,5,2334
8900,random,hybrid,10,2699
8900,reversed,hybrid,10,2000
8900,nearly_sorted,hybrid,10,1973
8900,random,hybrid,20,2509
8900,reversed,hybrid,20,2049
8900,nearly_sorted,hybrid,20,1719
8900,random,hybrid,30,2385
8900,reversed,hybrid,30,1977
8900,nearly_sorted,hybrid,30,1637
8900,random,hybrid,50,2428
8900,reversed,hybrid,50,2390
8900,nearly_sorted,hybrid,50,1572
9000,random,standard,0,4131
9000,reversed,standard,0,3236
9000,nearly_sorted,standard,0,3567
9000,random,hybrid,5,2831
9000,reversed,hybrid,5,2035
9000,nearly_sorted,hybrid,5,2184
9000,random,hybrid,10,2720
9000,reversed,hybrid,10,1958
9000,nearly_sorted,hybrid,10,1877
9000,random,hybrid,20,2434
9000,reversed,hybrid,20,2060
9000,nearly_sorted,hybrid,20,1799
9000,random,hybrid,30,2503
9000,reversed,hybrid,30,2025
9000,nearly_sorted,hybrid,30,1703
9000,random,hybrid,50,2588
9000,reversed,hybrid,50,2451
9000,nearly_sorted,hybrid,50,1561
9100,random,standard,0,4106
9100,reversed,standard,0,3323
9100,nearly_sorted,standard,0,3612
9100,random,hybrid,5,2989
9100,reversed,hybrid,5,2135
9100,nearly_sorted,hybrid,5,2285
9100,random,hybrid,10,2950
9100,reversed,hybrid,10,2247
9100,nearly_sorted,hybrid,10,2203
9100,random,hybrid,20,2947
9100,reversed,hybrid,20,2337
9100,nearly_sorted,hybrid,20,1748
9100,random,hybrid,30,2594
9100,reversed,hybrid,30,2184
9100,nearly_sorted,hybrid,30,1715
9100,random,hybrid,50,2735
9100,reversed,hybrid,50,2767
9100,nearly_sorted,hybrid,50,1577
9200,random,standard,0,4540
9200,reversed,standard,0,3541
9200,nearly_sorted,standard,0,3618
9200,random,hybrid,5,2856
9200,reversed,hybrid,5,2053
9200,nearly_sorted,hybrid,5,2237
9200,random,hybrid,10,2590
9200,reversed,hybrid,10,1973
9200,nearly_sorted,hybrid,10,1883
9200,random,hybrid,20,2506
9200,reversed,hybrid,20,2060
9200,nearly_sorted,hybrid,20,1737
9200,random,hybrid,30,2489
9200,reversed,hybrid,30,2063
9200,nearly_sorted,hybrid,30,1743
9200,random,hybrid,50,2648
9200,reversed,hybrid,50,2608
9200,nearly_sorted,hybrid,50,1570
9300,random,standard,0,4125
9300,reversed,standard,0,3548
9300,nearly_sorted,standard,0,3697
9300,random,hybrid,5,2917
9300,reversed,hybrid,5,2094
9300,nearly_sorted,hybrid,5,2230
9300,random,hybrid,10,2677
9300,reversed,hybrid,10,2005
9300,nearly_sorted,hybrid,10,1924
9300,random,hybrid,20,2471
9300,reversed,hybrid,20,2050
9300,nearly_sorted,hybrid,20,1719
9300,random,hybrid,30,2493
9300,reversed,hybrid,30,2041
9300,nearly_sorted,hybrid,30,1691
9300,random,hybrid,50,2516
9300,reversed,hybrid,50,2555
9300,nearly_sorted,hybrid,50,1660
9400,random,standard,0,4538
9400,reversed,standard,0,3233
9400,nearly_sorted,standard,0,3727
9400,random,hybrid,5,2919
9400,reversed,hybrid,5,2103
9400,nearly_sorted,hybrid,5,2233
9400,random,hybrid,10,2623
9400,reversed,hybrid,10,2036
9400,nearly_sorted,hybrid,10,1959
9400,random,hybrid,20,2495
9400,reversed,hybrid,20,2026
9400,nearly_sorted,hybrid,20,1735
9400,random,hybrid,30,2433
9400,reversed,hybrid,30,2088
9400,nearly_sorted,hybrid,30,1737
9400,random,hybrid,50,2551
9400,reversed,hybrid,50,2541
9400,nearly_sorted,hybrid,50,1657
9500,random,standard,0,4283
9500,reversed,standard,0,3304
9500,nearly_sorted,standard,0,3614
9500,random,hybrid,5,3233
9500,reversed,hybrid,5,2212
9500,nearly_sorted,hybrid,5,2398
9500,random,hybrid,10,2825
9500,reversed,hybrid,10,2061
9500,nearly_sorted,hybrid,10,2105
9500,random,hybrid,20,2662
9500,reversed,hybrid,20,2209
9500,nearly_sorted,hybrid,20,1787
9500,random,hybrid,30,2564
9500,reversed,hybrid,30,2099
9500,nearly_sorted,hybrid,30,1789
9500,random,hybrid,50,2655
9500,reversed,hybrid,50,2586
9500,nearly_sorted,hybrid,50,1608
9600,random,standard,0,4409
9600,reversed,standard,0,3316
9600,nearly_sorted,standard,0,3719
9600,random,hybrid,5,2982
9600,reversed,hybrid,5,2240
9600,nearly_sorted,hybrid,5,2269
9600,random,hybrid,10,2660
9600,reversed,hybrid,10,2075
9600,nearly_sorted,hybrid,10,2012
9600,random,hybrid,20,2540
9600,reversed,hybrid,20,2269
9600,nearly_sorted,hybrid,20,1812
9600,random,hybrid,30,2547
9600,reversed,hybrid,30,2150
9600,nearly_sorted,hybrid,30,1717
9600,random,hybrid,50,2616
9600,reversed,hybrid,50,2557
9600,nearly_sorted,hybrid,50,1625
9700,random,standard,0,4301
9700,reversed,standard,0,3293
9700,nearly_sorted,standard,0,3629
9700,random,hybrid,5,2939
9700,reversed,hybrid,5,2112
9700,nearly_sorted,hybrid,5,2272
9700,random,hybrid,10,2749
9700,reversed,hybrid,10,2074
9700,nearly_sorted,hybrid,10,2046
9700,random,hybrid,20,2524
9700,reversed,hybrid,20,2145
9700,nearly_sorted,hybrid,20,1761
9700,random,hybrid,30,2561
9700,reversed,hybrid,30,2330
9700,nearly_sorted,hybrid,30,1830
9700,random,hybrid,50,2712
9700,reversed,hybrid,50,2642
9700,nearly_sorted,hybrid,50,1649
9800,random,standard,0,4373
9800,reversed,standard,0,3374
9800,nearly_sorted,standard,0,3678
9800,random,hybrid,5,3002
9800,reversed,hybrid,5,2137
9800,nearly_sorted,hybrid,5,2227
9800,random,hybrid,10,2698
9800,reversed,hybrid,10,2064
9800,nearly_sorted,hybrid,10,1953
9800,random,hybrid,20,2567
9800,reversed,hybrid,20,2251
9800,nearly_sorted,hybrid,20,1845
9800,random,hybrid,30,2551
9800,reversed,hybrid,30,2173
9800,nearly_sorted,hybrid,30,1785
9800,random,hybrid,50,2631
9800,reversed,hybrid,50,2613
9800,nearly_sorted,hybrid,50,1637
9900,random,standard,0,4293
9900,reversed,standard,0,3584
9900,nearly_sorted,standard,0,3683
9900,random,hybrid,5,3070
9900,reversed,hybrid,5,2168
9900,nearly_sorted,hybrid,5,2240
9900,random,hybrid,10,2699
9900,reversed,hybrid,10,2099
9900,nearly_sorted,hybrid,10,2037
9900,random,hybrid,20,2579
9900,reversed,hybrid,20,2153
9900,nearly_sorted,hybrid,20,1764
9900,random,hybrid,30,2559
9900,reversed,hybrid,30,2151
9900,nearly_sorted,hybrid,30,1769
9900,random,hybrid,50,2649
9900,reversed,hybrid,50,2647
9900,nearly_sorted,hybrid,50,1633
10000,random,standard,0,4571
10000,reversed,standard,0,3431
10000,nearly_sorted,standard,0,3693
10000,random,hybrid,5,3057
10000,reversed,hybrid,5,2241
10000,nearly_sorted,hybrid,5,2399
10000,random,hybrid,10,2757
10000,reversed,hybrid,10,2165
10000,nearly_sorted,hybrid,10,2043
10000,random,hybrid,20,2678
10000,reversed,hybrid,20,2187
10000,nearly_sorted,hybrid,20,1844
10000,random,hybrid,30,2663
10000,reversed,hybrid,30,2245
10000,nearly_sorted,hybrid,30,1816
10000,random,hybrid,50,2692
10000,reversed,hybrid,50,2727
10000,nearly_sorted,hybrid,50,1704
